DROP DATABASE IF EXISTS studentdb;

CREATE DATABASE studentdb;

USE studentdb;

CREATE TABLE Class (
                       class_id INT PRIMARY KEY,
                       class_name VARCHAR(50) NOT NULL
);

CREATE TABLE Student (
                         student_id CHAR(10) PRIMARY KEY,
                         name VARCHAR(50) NOT NULL,
                         gender VARCHAR(10),
                         ethnicity VARCHAR(50),
                         class_id INT,
--     photo BLOB,
                         FOREIGN KEY (class_id) REFERENCES Class(class_id)
);

CREATE TABLE User (
                      user_id CHAR(10),
                      password VARCHAR(50) NOT NULL,
                      PRIMARY KEY (user_id),
                      FOREIGN KEY (user_id) REFERENCES Student(student_id)
);

INSERT INTO Class (class_id, class_name) VALUES
                                             (1, '区块链工程221'),
                                             (2, '区块链工程222'),
                                             (3, '区块链工程223'),
                                             (4, '区块链工程224'),
                                             (5, '人工智能221'),
                                             (6, '人工智能222');

INSERT INTO Student (student_id, name, gender, ethnicity, class_id) VALUES
                                                                        ('2023000001', '张三', '女', '汉', 1),
                                                                        ('2023000002', '李四', '男', '回', 2),
                                                                        ('2023000003', '赵信', '女', '藏', 3),
                                                                        ('2023000004', '小魔仙','女','汉',4),
                                                                        ('2023000005', '王五', '男', '维吾尔', 1),
                                                                        ('2023000006', '小红', '女', '壮', 2),
                                                                        ('2023000007', '张三丰', '男', '苗', 3),
                                                                        ('2023000008', '李白', '男', '彝', 4),
                                                                        ('2023000009', '韩梅梅', '女', '傣', 5),
                                                                        ('2023000010', 'Tom', '男', '汉', 6),
                                                                        ('2023000011', '杨过', '男', '朝鲜族', 1),
                                                                        ('2023000012', '小龙女', '女', '白族', 2),
                                                                        ('2023000013', '狄仁杰', '男', '哈萨克', 3),
                                                                        ('2023000014', '貂蝉', '女', '赫哲族', 4),
                                                                        ('2023000015', '诸葛亮', '男', '高山族', 5),
                                                                        ('2023000016', '花木兰', '女', '土家族', 6),
                                                                        ('2023000021', '张无忌', '男', '塔吉克', 1),
                                                                        ('2023000022', '小李飞刀', '男', '黎族', 2),
                                                                        ('2023000023', '赵敏', '女', '哈尼', 3),
                                                                        ('2023000024', '石破天', '男', '景颇', 4),
                                                                        ('2023000025', '黄蓉', '女', '布朗族', 5),
                                                                        ('2023000026', '令狐冲', '男', '汉', 6),
                                                                        ('2023000027', '陆小凤', '男', '傈僳族', 1),
                                                                        ('2023000028', '袁冰儿', '女', '满族', 2),
                                                                        ('2023000029', '扫地僧', '男', '佤族', 3),
                                                                        ('2023000030', '黄药师', '男', '汉', 4),
                                                                        ('2023000031', '水笙', '女', '瑶族', 5),
                                                                        ('2023000032', '风清扬', '男', '土家族', 6),
                                                                        ('2023000033', '阿飞', '男', '蒙古族', 1),
                                                                        ('2023000034', '远哥', '男', '哈尼族', 2),
                                                                        ('2023000035', '巧笑倩兮', '女', '汉', 3),
                                                                        ('2023000036', '李靖', '男', '羌族', 4),
                                                                        ('2023000037', '花无缺', '男', '布依族', 5),
                                                                        ('2023000038', '莫言', '男', '土家族', 6);
INSERT INTO User (user_id, password) VALUES
                                         ('2023000001', '123456'),
                                         ('2023000002', '123456'),
                                         ('2023000003', '123456'),
                                         ('2023000005', '123456'),
                                         ('2023000006', '123456'),
                                         ('2023000007', '123456'),
                                         ('2023000008', '123456'),
                                         ('2023000009', '123456'),
                                         ('2023000010', '123456'),
                                         ('2023000011', '123456'),
                                         ('2023000012', '123456'),
                                         ('2023000013', '123456'),
                                         ('2023000014', '123456'),
                                         ('2023000015', '123456'),
                                         ('2023000016', '123456'),
                                         ('2023000021', '123456'),
                                         ('2023000022', '123456'),
                                         ('2023000023', '123456'),
                                         ('2023000024', '123456'),
                                         ('2023000025', '123456'),
                                         ('2023000026', '123456');